epoch,episode,mean_loss,epsilon
1,0,0.0848706109689,0.999244
1,0,0.0859126286766,0.9984151
1,0,0.0822695842002,0.9976087
1,0,0.0794241774147,0.9968014
1,0,0.0826350084081,0.9960706
1,0,0.0796961019108,0.9953857
1,0,0.0900867586888,0.9946495
1,0,0.0864425764346,0.9938071
1,0,0.0850910972898,0.9930097
1,0,0.0845851864573,0.9920044
1,0,0.0851608900044,0.9911737
1,0,0.0827384984996,0.9902467
1,0,0.0866473504614,0.9895654
1,0,0.0847950163283,0.9888661
1,0,0.0832850762881,0.9880642
1,0,0.0861384791528,0.98722
1,0,0.080721844909,0.9863749
1,0,0.088022109164,0.9856657
1,0,0.0865001500254,0.984802600001
1,0,0.0955554143403,0.984120400001
1,0,0.082655589822,0.983140300001
1,0,0.0851600051644,0.982229500001
1,0,0.08581099885,0.981385300001
1,0,0.0857413970649,0.980464600001
1,0,0.0856738932747,0.979586200001
1,0,0.0838820133731,0.978489100001
1,0,0.0837992810543,0.977489200001
1,0,0.0796804289152,0.976654900001
1,0,0.0849217239957,0.975892600001
1,0,0.0839293299272,0.975214900001
1,0,0.0871804635951,0.974455300001
1,0,0.08463778405,0.973774000001
1,0,0.0798732171814,0.972909100001
1,0,0.0795204700071,0.972136000001
1,0,0.0737272664437,0.971430400001
1,0,0.0727331597354,0.970702300001
1,0,0.06430207279,0.969832000001
1,0,0.0671091159213,0.969154300001
1,0,0.0688620624445,0.968402800001
1,0,0.0633978753649,0.967586500001
1,0,0.0703085908216,0.966906100001
1,0,0.0645270528554,0.966120400001
1,0,0.0681290438808,0.965170000001
1,0,0.0616572046726,0.964330300001
1,0,0.0630006301206,0.963525700001
1,0,0.0615774670436,0.962540200001
1,0,0.0610705782931,0.961808500001
1,0,0.0610602349149,0.961033600001
1,0,0.0617969641213,0.960130000001
1,0,0.0582481678067,0.959399200001
1,0,0.0543768704977,0.958582000001
1,0,0.0578746220167,0.957860200001
1,0,0.0564328083896,0.957038500001
1,0,0.0568802147038,0.956174500001
1,0,0.0571804925617,0.955144000001
2,13,0.0566623626205,0.954271000002
2,13,0.0553333829741,0.953533000002
2,13,0.0551984033152,0.952854400002
2,13,0.0529212436432,0.952030000002
2,13,0.0523248224225,0.951129100002
2,13,0.0523546466474,0.950165200002
2,13,0.0527732793315,0.949265200002
2,13,0.0534178167249,0.948259900002
2,13,0.0533218160635,0.947398600002
2,13,0.0523406840769,0.946486000002
2,13,0.0524593661331,0.945637300002
2,13,0.0514778220594,0.944748100002
2,13,0.0518998705709,0.943870600002
2,13,0.0531887337583,0.943184800002
2,13,0.0502229370535,0.942275800002
2,13,0.0474357618711,0.941520700002
2,13,0.046461836018,0.940675600002
2,13,0.0466383466427,0.939969100002
2,13,0.0457728629282,0.939124000002
2,13,0.0483340502132,0.938021500002
2,13,0.0452942033823,0.937176400002
2,13,0.0475673632283,0.936244900002
2,13,0.0476298772964,0.935326900002
2,13,0.0478994950573,0.934496200002
2,13,0.0493442014624,0.933672700002
2,13,0.0486381358476,0.932868100002
2,13,0.0458420920659,0.932034700002
2,13,0.0464783218799,0.931065400002
2,13,0.0464442495305,0.930194200002
2,13,0.0476668809595,0.929402200002
2,13,0.0445035314849,0.928526500002
2,13,0.0466148000402,0.927683200002
2,13,0.0463993955036,0.926822800002
2,13,0.0460776042617,0.926036200002
2,13,0.0461601847149,0.925025500002
2,13,0.0471542610937,0.924287500002
2,13,0.0478058378494,0.923582800003
2,13,0.0484802017361,0.922783600003
2,13,0.0470644953911,0.921923200003
2,13,0.0483221061225,0.921011500003
2,13,0.0469938832678,0.920274400003
2,13,0.0440883550548,0.919482400003
2,13,0.0460723536334,0.918698500003
2,13,0.0457385066495,0.917842600003
2,13,0.0473965489669,0.917041600003
2,13,0.0469977812572,0.916291000003
2,13,0.0455556629229,0.915380200003
2,13,0.0458502770958,0.914597200003
2,13,0.0449364438779,0.913771000003
2,13,0.0449630426434,0.913034800003
2,13,0.0473577432397,0.911994400003
2,13,0.0476397764808,0.911215900003
2,13,0.0463610126969,0.910408600003
2,13,0.0444431952399,0.910192600003
3,10,0.0464176302581,0.909387100003
3,10,0.0464711574482,0.908495200003
3,10,0.0449500459504,0.907540300003
3,10,0.0475425422091,0.906790600003
3,10,0.0452340839836,0.905913100003
3,10,0.0474499974761,0.905137300003
3,10,0.0469663586648,0.904282300003
3,10,0.047610292045,0.903574000003
3,10,0.04556263006,0.902586700003
3,10,0.0446921537361,0.901766800003
3,10,0.0444708782526,0.900953200003
3,10,0.0445255238189,0.900159400003
3,10,0.0442952489171,0.899329600003
3,10,0.0462361509744,0.898505200003
3,10,0.0440146325437,0.897603400003
3,10,0.0446361053241,0.896869900003
3,10,0.0432344980353,0.896085100003
3,10,0.0462824222302,0.895361500003
3,10,0.0457406054428,0.894521800003
3,10,0.0470566088626,0.893728000003
3,10,0.0456747943974,0.892604800004
3,10,0.0433557551531,0.891788500004
3,10,0.0429499022672,0.890943400004
3,10,0.0459798344833,0.890206300004
3,10,0.0480033254056,0.889428700004
3,10,0.0459040649036,0.888512500004
3,10,0.0488220400324,0.887508100004
3,10,0.0468873401587,0.886665700004
3,10,0.0476985694693,0.885878200004
3,10,0.0475283484679,0.884837800004
3,10,0.0494342858269,0.883847800004
3,10,0.047097254678,0.882766000004
3,10,0.048023846428,0.881892100004
3,10,0.0470260662243,0.880736500004
3,10,0.0485655027693,0.879858100004
3,10,0.048918120525,0.878885200004
3,10,0.0492806331561,0.877862800004
3,10,0.0468365796127,0.876844900004
3,10,0.0471011228936,0.875942200004
3,10,0.0480055354083,0.875091700004
3,10,0.0469803498913,0.874344700004
3,10,0.0470014769243,0.873568900004
3,10,0.0474564833096,0.872616700004
3,10,0.0463824602608,0.871826500004
3,10,0.0447196127789,0.870874300004
3,10,0.0473529084402,0.870023800004
3,10,0.0471824085744,0.869141800004
3,10,0.0460140055245,0.868164400004
3,10,0.0464435696509,0.867187000004
3,10,0.0481488840041,0.866151100004
3,10,0.0444946624055,0.865238500004
4,6,0.0485647773508,0.864481600004
4,6,0.04874775123,0.863435800004
4,6,0.046904126296,0.862452100005
4,6,0.0464448906888,0.861471100005
4,6,0.045306644054,0.860349700005
4,6,0.0466880934814,0.859170700005
4,6,0.045560262337,0.858304900005
4,6,0.048118816968,0.857448100005
4,6,0.0474209371029,0.856432000005
4,6,0.04699127251,0.855678700005
4,6,0.0482109834459,0.854892100005
4,6,0.0468656124463,0.853929100005
4,6,0.0485858980456,0.852910300005
4,6,0.045399715653,0.851885200005
4,6,0.0474723993146,0.851009500005
4,6,0.0471505207009,0.850009600005
4,6,0.0458233895355,0.849037600005
4,6,0.0479224624316,0.848109700005
4,6,0.0485466201545,0.847297900005
4,6,0.0463270410613,0.846557200005
4,6,0.0478557339785,0.845698600005
4,6,0.0483811160562,0.844795900005
4,6,0.0486859962402,0.843770800005
4,6,0.0504779520315,0.842986900005
4,6,0.0498543194832,0.842052700005
4,6,0.0506233974225,0.841141900005
4,6,0.0513262172276,0.840036700005
4,6,0.0496759430646,0.839164600005
4,6,0.0470740472081,0.838163800005
4,6,0.0489336012856,0.837057700005
4,6,0.0492896770112,0.835856200005
4,6,0.0480587685008,0.835078600005
4,6,0.0475061939723,0.834006700005
4,6,0.0504253029031,0.833101300005
4,6,0.0473174099289,0.832076200006
4,6,0.0488430273475,0.830918800006
4,6,0.0474201765938,0.829670500006
4,6,0.049750354755,0.828852400006
4,6,0.0480097822404,0.828008200006
4,6,0.0492866598739,0.827137000006
4,6,0.0490419123053,0.826031800006
4,6,0.0502612889845,0.825023800006
4,6,0.0476281249717,0.824085100006
4,6,0.0487701383632,0.822942100006
4,6,0.0481187645307,0.821869300006
4,6,0.0491471410073,0.820870300006
4,6,0.0514391824728,0.820280800006
5,5,0.0487694463756,0.819401500006
5,5,0.0467625982266,0.818513200006
5,5,0.0503293163975,0.817489900006
5,5,0.0487407276824,0.816331600006
5,5,0.049628024907,0.815091400006
5,5,0.0489069250902,0.814117600006
5,5,0.0486508333802,0.812973700006
5,5,0.0477067397377,0.811783900006
5,5,0.0500009699098,0.810878500006
5,5,0.0473817628786,0.809639200006
5,5,0.0474378539014,0.808423300006
5,5,0.0462929747473,0.807554800006
5,5,0.0482478354384,0.806304700006
5,5,0.0464316724146,0.804839500006
5,5,0.0482162590183,0.803908000006
5,5,0.0509005534828,0.802931500006
5,5,0.0467864736516,0.801892900007
5,5,0.0477784141116,0.800953300007
5,5,0.0492221866991,0.799912900007
5,5,0.049788444489,0.798925600007
5,5,0.0479613356211,0.797989600007
5,5,0.0511109897521,0.797156200007
5,5,0.0494017612692,0.795801700007
5,5,0.0503634996453,0.794592100007
5,5,0.0518151547642,0.793597600007
5,5,0.0504585411654,0.792670600007
5,5,0.049284910732,0.791771500007
5,5,0.051046540664,0.790522300007
5,5,0.0509428368256,0.789543100007
5,5,0.049420569164,0.788482900007
5,5,0.0496642859283,0.787294000007
5,5,0.0495482870138,0.786412000007
5,5,0.0486386539227,0.785471500007
5,5,0.048104656787,0.784338400007
5,5,0.0498586807651,0.783316000007
5,5,0.0487300744351,0.782155000007
5,5,0.0480103801571,0.780860800007
5,5,0.0473219197159,0.779781700007
5,5,0.0476549794069,0.778721500007
5,5,0.0483246917689,0.777674800007
5,5,0.0474982605764,0.776507500007
5,5,0.048452102749,0.775648900007
5,5,0.0458709395095,0.775319500007
6,4,0.0475950519494,0.774558100007
6,4,0.0457344276806,0.773560000007
6,4,0.0489440835186,0.772592500007
6,4,0.0473323792522,0.771626800008
6,4,0.0491404438205,0.770568400008
6,4,0.0488751815544,0.769561300008
6,4,0.0501914698316,0.768402100008
6,4,0.048501879436,0.767495800008
6,4,0.0481912623453,0.766491400008
6,4,0.0501326251757,0.765312400008
6,4,0.0480274785238,0.764310700008
6,4,0.0508546979079,0.763131700008
6,4,0.0489607802427,0.761947300008
6,4,0.0489300820031,0.761014900008
6,4,0.0488612360492,0.759748600008
6,4,0.0485273790362,0.758669500008
6,4,0.0499685888273,0.757617400008
6,4,0.0495218918036,0.756864100008
6,4,0.0481350413756,0.755771500008
6,4,0.0491833987759,0.754480000008
6,4,0.0471245349103,0.753455800008
6,4,0.0479150136222,0.752297500008
6,4,0.048242005792,0.751362400008
6,4,0.0483034779706,0.750286900008
6,4,0.0480858520569,0.749055700008
6,4,0.0481211185053,0.748080100008
6,4,0.0496836454567,0.746727400008
6,4,0.0515620576697,0.745603300008
6,4,0.0505972751013,0.744293800008
6,4,0.0501189944099,0.743157100008
6,4,0.0511283866811,0.741979900008
6,4,0.050483523784,0.740616400009
6,4,0.0496033155649,0.739368100009
6,4,0.0502150879498,0.738334900009
6,4,0.050330770819,0.737182900009
6,4,0.0508152862409,0.736048900009
6,4,0.0491397682751,0.735068800009
6,4,0.0505466813917,0.734122000009
6,4,0.052551189169,0.733293100009
6,4,0.0506255228266,0.732149200009
6,4,0.0489891548736,0.730865800009
6,4,0.0486760935953,0.730357300009
7,5,0.0491266232897,0.729189100009
7,5,0.0506671594787,0.728061400009
7,5,0.0480966137346,0.726841900009
7,5,0.0492389692396,0.725483800009
7,5,0.0498448052011,0.724358800009
7,5,0.048204960107,0.723077200009
7,5,0.0492847113796,0.721972900009
7,5,0.0507405158954,0.721004500009
7,5,0.0484602185798,0.720097300009
7,5,0.0475938972797,0.718596100009
7,5,0.0469468654828,0.717502600009
7,5,0.0483507472027,0.716229100009
7,5,0.0496112801933,0.714954700009
7,5,0.0477929920341,0.713790100009
7,5,0.0486121737568,0.712414900009
7,5,0.0476928824439,0.71133490001
7,5,0.0462184713386,0.71019370001
7,5,0.0481599855829,0.70885540001
7,5,0.04826739079,0.70751710001
7,5,0.0471496502692,0.70629670001
7,5,0.0473173052398,0.70503850001
7,5,0.047742034286,0.70379650001
7,5,0.0463301476861,0.70277320001
7,5,0.0483292116981,0.70179220001
7,5,0.0490881432579,0.70062220001
7,5,0.0489526353624,0.69948730001
7,5,0.0510614142758,0.69836050001
7,5,0.0497612043835,0.69703840001
7,5,0.04850310111,0.69586390001
7,5,0.0495123944851,0.69452290001
7,5,0.0507445737066,0.69342220001
7,5,0.0505497407163,0.69218290001
7,5,0.0493669275133,0.69083470001
7,5,0.047964480866,0.68972770001
7,5,0.0482818793354,0.68846230001
7,5,0.0494973418718,0.68740930001
7,5,0.0496745860633,0.68626270001
7,5,0.0489917166562,0.68539150001
8,4,0.0505167716961,0.68441230001
8,4,0.0500626114265,0.68308660001
8,4,0.0492688762118,0.68225770001
8,4,0.0508785578738,0.68123260001
8,4,0.0486833486178,0.679942000011
8,4,0.0496081935147,0.678628900011
8,4,0.0482611312657,0.677701900011
8,4,0.0493231756466,0.676486900011
8,4,0.0504663056255,0.675430300011
8,4,0.0471476095537,0.674199100011
8,4,0.049472396915,0.673012000011
8,4,0.0485858480689,0.671779000011
8,4,0.0492902111989,0.670740400011
8,4,0.0501407590397,0.669526300011
8,4,0.0488965649184,0.668217700011
8,4,0.0497021936279,0.667072900011
8,4,0.0494230456645,0.665990200011
8,4,0.0477185067856,0.664741900011
8,4,0.0489864382337,0.663365800011
8,4,0.0492041125858,0.662095900011
8,4,0.04950376315,0.660755800011
8,4,0.0510473476694,0.659636200011
8,4,0.0518362459059,0.658386100011
8,4,0.0505243414077,0.657133300011
8,4,0.0493537569842,0.656081200011
8,4,0.0507850873549,0.654842800011
8,4,0.0501262150328,0.653797000011
8,4,0.0505431073127,0.652795300011
8,4,0.0504455896918,0.651460600011
8,4,0.0507586046382,0.650413900012
8,4,0.0495726145886,0.649207900012
8,4,0.0498436133106,0.648051400012
8,4,0.0494695251337,0.646771600012
8,4,0.0496740859287,0.645796900012
8,4,0.0500525517016,0.644614300012
8,4,0.0505449202667,0.643386700012
8,4,0.0499738546003,0.642235600012
8,4,0.0512423506338,0.640987300012
8,4,0.047766702452,0.640426600012
9,4,0.0504001802493,0.639100000012
9,4,0.0497200532813,0.637806700012
9,4,0.0504087173766,0.636500800012
9,4,0.0492374233484,0.635595400012
9,4,0.0486161600416,0.634600900012
9,4,0.0471967011787,0.633275200012
9,4,0.0500139415426,0.632210500012
9,4,0.0482279919849,0.631028800012
9,4,0.0505366194798,0.629888500012
9,4,0.0493797180728,0.628832800012
9,4,0.0506979957184,0.627725800012
9,4,0.0493388300614,0.626432500012
9,4,0.0494707293557,0.625249900012
9,4,0.0489837711805,0.624030400012
9,4,0.0485774285026,0.622765900012
9,4,0.0482678562338,0.621443800012
9,4,0.0476203225108,0.620088400013
9,4,0.0467281132345,0.618436900013
9,4,0.0497031902888,0.617242600013
9,4,0.0481255887153,0.615983500013
9,4,0.0480288463979,0.614683900013
9,4,0.0474723375314,0.613496800013
9,4,0.0478445092938,0.612116200013
9,4,0.047771218026,0.611041600013
9,4,0.0477580894726,0.609751000013
9,4,0.0493440746633,0.608607100013
9,4,0.0480949608162,0.607274200013
9,4,0.0480878178944,0.606101500013
9,4,0.04867605626,0.604737100013
9,4,0.0495223377964,0.603247600013
9,4,0.0495962025291,0.601884100013
9,4,0.0495919678664,0.600734800013
9,4,0.0498851590936,0.599559400013
9,4,0.0495040621763,0.598402900013
9,4,0.0473273285327,0.597318400013
9,4,0.0464542169012,0.596116900013
9,4,0.0446760362122,0.595459900013
10,4,0.0445957825546,0.593893000013
10,4,0.0457505348742,0.592697800013
10,4,0.0429471501989,0.591349600013
10,4,0.0449578039733,0.590238100013
10,4,0.0436602596275,0.588936700014
10,4,0.0438585706633,0.587315800014
10,4,0.0443701765725,0.585724600014
10,4,0.0459649724572,0.584467300014
10,4,0.0461375673254,0.583047100014
10,4,0.0472057816341,0.581678200014
10,4,0.0454105548014,0.580243600014
10,4,0.0467907851092,0.579124900014
10,4,0.0473581388958,0.577750600014
10,4,0.0481303962684,0.576235900014
10,4,0.0474177072153,0.575181100014
10,4,0.0481715781168,0.574081300014
10,4,0.0483545895412,0.572714200014
10,4,0.0486208711685,0.571274200014
10,4,0.0470433937921,0.569928700014
10,4,0.0486248577699,0.568738900014
10,4,0.0483194657408,0.567388000014
10,4,0.047164540971,0.566420500014
10,4,0.0459075687697,0.565104700014
10,4,0.0455970749744,0.563884300014
10,4,0.046054004706,0.562292200014
10,4,0.0460784197288,0.560643400014
10,4,0.0464863448053,0.559301500015
10,4,0.0449738916666,0.557863300015
10,4,0.0464387718476,0.556671700015
10,4,0.0447082636972,0.555553900015
10,4,0.0459062203065,0.554191300015
10,4,0.0463411269417,0.552859300015
10,4,0.04668334354,0.551258200015
10,4,0.0455410388773,0.550490500015
11,5,0.0480184844389,0.549449200015
11,5,0.0463095546512,0.548212600015
11,5,0.046434594108,0.546697000015
11,5,0.0479572403899,0.545512600015
11,5,0.0476409563473,0.544087000015
11,5,0.0471193888519,0.542659600015
11,5,0.0468658998423,0.541442800015
11,5,0.0449697992743,0.539840800015
11,5,0.0459075720493,0.538299100015
11,5,0.0460638073458,0.537075100015
11,5,0.0461193097515,0.535660300015
11,5,0.0469010434197,0.534333700015
11,5,0.0470738172152,0.532890100015
11,5,0.0462872714944,0.531467200015
11,5,0.046498838228,0.529836400015
11,5,0.0464304907382,0.528620500016
11,5,0.0464365773271,0.527261500016
11,5,0.0459435657977,0.525766600016
11,5,0.04459480216,0.523856800016
11,5,0.0457372714281,0.522731800016
11,5,0.0455281361751,0.521384500016
11,5,0.045723844619,0.519857200016
11,5,0.0450834139003,0.518475700016
11,5,0.0444860462964,0.516693700016
11,5,0.0444652533573,0.515092600016
11,5,0.0437808766583,0.513796600016
11,5,0.0429330888815,0.512369200016
11,5,0.0439567179417,0.511094800016
11,5,0.0436729698063,0.509753800016
11,5,0.0448447079309,0.507943000016
11,5,0.0439929203479,0.506721700016
11,5,0.0459144927567,0.505519300016
12,4,0.0457381449791,0.504057700016
12,4,0.0451836623081,0.502631200016
12,4,0.0445838751767,0.501129100016
12,4,0.0448509195919,0.499219300016
12,4,0.0449398456907,0.497926000016
12,4,0.0454283291537,0.496525600016
12,4,0.0450370390846,0.494891200016
12,4,0.0436035507878,0.493482700016
12,4,0.0442397347224,0.491651200016
12,4,0.0451295224798,0.490037500016
12,4,0.0444860335058,0.488145700016
12,4,0.0447578705915,0.486487900016
12,4,0.0445625204357,0.484715800016
12,4,0.0438429102476,0.483564700016
12,4,0.0466263726071,0.482227300016
12,4,0.0464502085078,0.480537100016
12,4,0.0453786514273,0.478987300016
12,4,0.0447489023029,0.477246700016
12,4,0.0447821367807,0.475535800016
12,4,0.0455881255451,0.473682700016
12,4,0.0447009703597,0.472416400016
12,4,0.0465882545986,0.470996200016
12,4,0.0461796703834,0.469306900016
12,4,0.0469729589902,0.467862400016
12,4,0.0452731376034,0.466523200015
12,4,0.0461148627548,0.464907700015
12,4,0.0449724363402,0.463468600015
12,4,0.0452770810824,0.461700100015
12,4,0.0448799816885,0.460545400015
13,4,0.0456481185702,0.458974000015
13,4,0.0456088030489,0.457546600015
13,4,0.0459467111917,0.455881600015
13,4,0.0448845856298,0.454287700015
13,4,0.0449582315888,0.452957500015
13,4,0.0456316261224,0.451303300015
13,4,0.0457459309419,0.449789500015
13,4,0.044613148429,0.447984100015
13,4,0.0457505386409,0.446527000015
13,4,0.0456451986009,0.444947500015
13,4,0.0448585873169,0.443606500015
13,4,0.0450061016609,0.442177300015
13,4,0.045124635406,0.440867800015
13,4,0.0455373865727,0.439379200015
13,4,0.0446168646053,0.437753800015
13,4,0.0458106566976,0.435757600015
13,4,0.0459469257848,0.434226700015
13,4,0.0454533176698,0.432808300015
13,4,0.0442906436878,0.431227000014
13,4,0.0453339454243,0.429642100014
13,4,0.0464340458405,0.427715200014
13,4,0.0455431475248,0.425801800014
13,4,0.0462511057186,0.424154800014
13,4,0.0455222582079,0.422892100014
13,4,0.0453182214835,0.421468300014
13,4,0.0464563669845,0.419993200014
13,4,0.0460412370754,0.418277800014
13,4,0.0461353017268,0.416623600014
13,4,0.0450854446946,0.415571500014
14,3,0.046103385968,0.413953300014
14,3,0.045957188116,0.411932800014
14,3,0.0463833036187,0.410189500014
14,3,0.0467088847443,0.408373300014
14,3,0.0462693293539,0.406954900014
14,3,0.0443568829056,0.404842600014
14,3,0.0449755370542,0.403030000014
14,3,0.0451500150324,0.401612500014
14,3,0.045727205544,0.400344400014
14,3,0.0448806371256,0.398800000014
14,3,0.0446613525944,0.397162900014
14,3,0.045669709152,0.395573500013
14,3,0.0453912878233,0.394344100013
14,3,0.0455095279663,0.392761000013
14,3,0.0462576119804,0.390683800013
14,3,0.0451719485884,0.389313100013
14,3,0.044771260027,0.387947800013
14,3,0.0454972002961,0.385845400013
14,3,0.0432691882263,0.383770900013
14,3,0.0440415245893,0.381893500013
14,3,0.0453743530153,0.379740700013
14,3,0.0461210521355,0.377709400013
14,3,0.0461567024927,0.376182100013
14,3,0.0456200781866,0.374303800013
14,3,0.0460858116746,0.371831500013
14,3,0.0476649305204,0.370594900013
15,3,0.0462271523408,0.368614000013
15,3,0.0456701774635,0.366643900013
15,3,0.0454453616003,0.364730500013
15,3,0.0448682665616,0.363088900013
15,3,0.0443796763588,0.361313200012
15,3,0.0453979801219,0.359466400012
15,3,0.0452458836325,0.357828400012
15,3,0.0457555929289,0.356297500012
15,3,0.0447757553978,0.354682900012
15,3,0.044726606724,0.353053000012
15,3,0.0442584920133,0.351223300012
15,3,0.0434194965634,0.349579900012
15,3,0.0443220051821,0.348012100012
15,3,0.0427677592181,0.346561300012
15,3,0.0420845548778,0.344976400012
15,3,0.0431520927924,0.343267300012
15,3,0.0438317346899,0.341732800012
15,3,0.0435435093831,0.340399900012
15,3,0.0422045690665,0.338526100012
15,3,0.0428748270376,0.336372400012
15,3,0.0437924814364,0.334632700012
15,3,0.0442618008637,0.332665300012
15,3,0.0445021366374,0.330704200012
15,3,0.0440749089489,0.328792600012
15,3,0.0443874304021,0.326797300011
15,3,0.0436544040997,0.325618300011
16,2,0.0434248274567,0.323367400011
16,2,0.0447765704159,0.321570100011
16,2,0.0473189635227,0.320075200011
16,2,0.0459880936104,0.318026800011
16,2,0.0449075314869,0.316615600011
16,2,0.0446992687375,0.314677000011
16,2,0.0448534414713,0.312472900011
16,2,0.0461489499964,0.310530700011
16,2,0.0449020630497,0.307791100011
16,2,0.0460433188315,0.306100000011
16,2,0.0454787249208,0.303592600011
16,2,0.0466993697916,0.301714300011
16,2,0.0464874794835,0.299776600011
16,2,0.0453125203007,0.298009900011
16,2,0.0453039764878,0.296188300011
16,2,0.0453796941845,0.294153400011
16,2,0.0446601056614,0.29231740001
16,2,0.0442977211877,0.29045800001
16,2,0.0448947259367,0.28861300001
16,2,0.0424576451813,0.28716220001
16,2,0.0435180596078,0.28486630001
16,2,0.0437004515234,0.28252360001
16,2,0.0442341872814,0.28063900001
17,3,0.0426210731617,0.27844300001
17,3,0.0452445247352,0.27610120001
17,3,0.0445064755236,0.27403750001
17,3,0.0446981152875,0.27190360001
17,3,0.0452448469969,0.27016210001
17,3,0.0446374016377,0.26781940001
17,3,0.0453142658664,0.26549020001
17,3,0.0450249397576,0.26327440001
17,3,0.0452369985642,0.26113600001
17,3,0.0444872035031,0.25963750001
17,3,0.0436574692778,0.257410900009
17,3,0.0439666356759,0.255818800009
17,3,0.0433311733609,0.253820800009
17,3,0.0433248602014,0.251615800009
17,3,0.0439093642822,0.249291100009
17,3,0.0434701403901,0.247498300009
17,3,0.0435989408467,0.245334700009
17,3,0.0441521137536,0.243181000009
17,3,0.0434267985723,0.241057900009
17,3,0.0433280593849,0.239365000009
17,3,0.0441633314118,0.236833300009
17,3,0.0441759011647,0.235658800009
18,3,0.0437556183148,0.233645500009
18,3,0.0433179741394,0.231729400009
18,3,0.0427770555867,0.229654000009
18,3,0.0439051764445,0.227788300009
18,3,0.043710876781,0.225514900009
18,3,0.0444996167781,0.223552000009
18,3,0.0442241108817,0.221446000009
18,3,0.0446930107096,0.219619900009
18,3,0.0435480324282,0.217144000009
18,3,0.0433252400156,0.215024500009
18,3,0.0435756681703,0.213522400009
18,3,0.0430438277523,0.211625200009
18,3,0.0427619535997,0.208891000009
18,3,0.0416715949285,0.206541100009
18,3,0.0434003467322,0.204381100009
18,3,0.0430415937551,0.201781900009
18,3,0.0424793717253,0.199343800009
18,3,0.0438125336687,0.197418700009
18,3,0.0433838049529,0.195139900009
18,3,0.0445751503622,0.192917800009
18,3,0.044948170972,0.190677700009
19,3,0.0443927810258,0.189011800009
19,3,0.0447994825848,0.186079600009
19,3,0.0447591167449,0.183348100009
19,3,0.0428467364556,0.181279900009
19,3,0.0420685821188,0.178702300009
19,3,0.0420546674405,0.176218300009
19,3,0.0401409124236,0.174117700009
19,3,0.0415534684784,0.171922600009
19,3,0.0415858781674,0.169904800009
19,3,0.0427082497811,0.168073300009
19,3,0.0425570957526,0.165756700009
19,3,0.0427604328246,0.163927000009
19,3,0.042993211547,0.161712100009
19,3,0.0433677779115,0.159686200009
19,3,0.0433170388453,0.157121200009
19,3,0.0428673347512,0.154576900009
19,3,0.0447172153412,0.151929100009
19,3,0.0437767793965,0.149583700009
19,3,0.0419557114476,0.147173500009
19,3,0.0429110993199,0.145695700009
20,3,0.0412183895506,0.143670700009
20,3,0.0418486774961,0.141475600009
20,3,0.0417259947337,0.13884850001
20,3,0.0421692791748,0.13631230001
20,3,0.0415642869523,0.13413880001
20,3,0.0412873738754,0.13130920001
20,3,0.0419910105388,0.12831760001
20,3,0.0423608769845,0.12581020001
20,3,0.0426465385404,0.12314620001
20,3,0.0431993819368,0.12083500001
20,3,0.0429198258479,0.11820430001
20,3,0.0439507105883,0.11556460001
20,3,0.0425199768809,0.11283850001
20,3,0.0414723419188,0.11069290001
20,3,0.0422521314911,0.10717840001
20,3,0.0424694242703,0.10455670001
20,3,0.0416110510749,0.10166770001
20,3,0.041357889726,0.10071190001
21,3,0.0412342654597,0.1
21,3,0.0404740181687,0.1
21,3,0.0402891693657,0.1
21,3,0.0422617712856,0.1
21,3,0.0417935504408,0.1
21,3,0.0407104795871,0.1
21,3,0.0412960174096,0.1
21,3,0.040784604713,0.1
21,3,0.0415442990128,0.1
21,3,0.0425546294389,0.1
21,3,0.0423731894796,0.1
21,3,0.0422185095019,0.1
21,3,0.0420606824649,0.1
21,3,0.0437115898028,0.1
21,3,0.0434571404619,0.1
21,3,0.0439388211103,0.1
21,3,0.0423134690799,0.1
22,3,0.0421223428841,0.1
22,3,0.0437548743486,0.1
22,3,0.0434882832066,0.1
22,3,0.0432080209148,0.1
22,3,0.0430090206419,0.1
22,3,0.0425276221373,0.1
22,3,0.043591601826,0.1
22,3,0.0420863299228,0.1
22,3,0.0428258822115,0.1
22,3,0.0429426749442,0.1
22,3,0.0433409196387,0.1
22,3,0.0422112738807,0.1
22,3,0.042959682558,0.1
22,3,0.0424413831828,0.1
22,3,0.0433156717189,0.1
22,3,0.0438897050569,0.1
22,3,0.0447178765458,0.1
23,2,0.0447018372717,0.1
23,2,0.0443072317938,0.1
23,2,0.043829637948,0.1
23,2,0.0427965156214,0.1
23,2,0.0430265935577,0.1
23,2,0.0428655023506,0.1
23,2,0.0424478774334,0.1
23,2,0.0423746867448,0.1
23,2,0.0422909661988,0.1
23,2,0.0421044680662,0.1
23,2,0.04263437445,0.1
23,2,0.0428310323093,0.1
23,2,0.0425155664828,0.1
23,2,0.0415884102409,0.1
23,2,0.0428489605612,0.1
23,2,0.0420889776016,0.1
24,2,0.0422131290432,0.1
24,2,0.0420330345028,0.1
24,2,0.0425562095979,0.1
24,2,0.0432318038445,0.1
24,2,0.0436860536839,0.1
24,2,0.0433108779967,0.1
24,2,0.0427728653386,0.1
24,2,0.0432042549905,0.1
24,2,0.0428066983057,0.1
24,2,0.0428698659972,0.1
24,2,0.0419012669427,0.1
24,2,0.0424178766879,0.1
24,2,0.0424249430066,0.1
24,2,0.0427887232302,0.1
24,2,0.0436041609233,0.1
24,2,0.042864838737,0.1
25,2,0.0425101809639,0.1
25,2,0.0424593111184,0.1
25,2,0.0429941920264,0.1
25,2,0.0432765413805,0.1
25,2,0.0430781636795,0.1
25,2,0.0427089330075,0.1
25,2,0.0413267769697,0.1
25,2,0.0432727174166,0.1
25,2,0.0429283973583,0.1
25,2,0.0427790016533,0.1
25,2,0.0428765475566,0.1
25,2,0.0423422466647,0.1
25,2,0.0413948844401,0.1
25,2,0.0429672065087,0.1
25,2,0.0435557841165,0.1
26,2,0.0428651750181,0.1
26,2,0.0427099955913,0.1
26,2,0.0432600026857,0.1
26,2,0.0421873191538,0.1
26,2,0.0419923452677,0.1
26,2,0.0416032855381,0.1
26,2,0.0418413542047,0.1
26,2,0.0420693468699,0.1
26,2,0.0432301116523,0.1
26,2,0.0431985906768,0.1
26,2,0.0433141610348,0.1
26,2,0.042878638906,0.1
26,2,0.041984653516,0.1
26,2,0.0428492004984,0.1
26,2,0.0417456871479,0.1
27,3,0.0414674166176,0.1
27,3,0.0423006215365,0.1
27,3,0.041694184548,0.1
27,3,0.0431574654698,0.1
27,3,0.0430576271657,0.1
27,3,0.0431395676967,0.1
27,3,0.041683209151,0.1
27,3,0.0421023989041,0.1
27,3,0.0429803687659,0.1
27,3,0.0415703132514,0.1
27,3,0.0415006210475,0.1
27,3,0.0425872909737,0.1
27,3,0.0435315388882,0.1
27,3,0.0431696263185,0.1
27,3,0.0433868908561,0.1
28,2,0.0424774654852,0.1
28,2,0.041377677685,0.1
28,2,0.0415472067737,0.1
28,2,0.0422044809609,0.1
28,2,0.0414275174347,0.1
28,2,0.0424843200168,0.1
28,2,0.0414195529757,0.1
28,2,0.0399855084467,0.1
28,2,0.0400772934703,0.1
28,2,0.0403833530815,0.1
28,2,0.0402820771468,0.1
28,2,0.0423478085021,0.1
28,2,0.0412732558741,0.1
28,2,0.0420465792143,0.1
28,2,0.0411265774334,0.1
28,2,0.041233604661,0.1
29,3,0.0404849179117,0.1
29,3,0.0401319602649,0.1
29,3,0.0420968226226,0.1
29,3,0.0414111090618,0.1
29,3,0.0418848576867,0.1
29,3,0.0409894382401,0.1
29,3,0.0409067686946,0.1
29,3,0.0411471250848,0.1
29,3,0.0417744627521,0.1
29,3,0.0415108013989,0.1
29,3,0.041094963197,0.1
29,3,0.0405860520222,0.1
29,3,0.040965373024,0.1
29,3,0.0410518677972,0.1
29,3,0.0403985729146,0.1
29,3,0.0389813195085,0.1
30,3,0.0406810947089,0.1
30,3,0.0404273779207,0.1
30,3,0.040287576129,0.1
30,3,0.0411497711984,0.1
30,3,0.0415110528516,0.1
30,3,0.0409879586696,0.1
30,3,0.0415157873605,0.1
30,3,0.0413389382855,0.1
30,3,0.0414140468708,0.1
30,3,0.0415067250717,0.1
30,3,0.041686926773,0.1
30,3,0.0419394808893,0.1
30,3,0.0424207533183,0.1
30,3,0.0411736374274,0.1
30,3,0.0418856351858,0.1
30,3,0.041473672922,0.1
30,3,0.0413416147009,0.1
31,3,0.041377907046,0.1
31,3,0.041126691431,0.1
31,3,0.0409244158295,0.1
31,3,0.0401354635653,0.1
31,3,0.039299210701,0.1
31,3,0.039400531238,0.1
31,3,0.0395952456089,0.1
31,3,0.0390090749985,0.1
31,3,0.0394112692621,0.1
31,3,0.0397897997234,0.1
31,3,0.0411873940646,0.1
31,3,0.0404266404272,0.1
31,3,0.0396946464978,0.1
31,3,0.0402352645876,0.1
31,3,0.0391570645617,0.1
31,3,0.0393447540996,0.1
31,3,0.0403746604979,0.1
32,4,0.04056470056,0.1
32,4,0.0402094444026,0.1
32,4,0.0406433000297,0.1
32,4,0.04071382967,0.1
32,4,0.0409035648264,0.1
32,4,0.0405929769367,0.1
32,4,0.0405575885858,0.1
32,4,0.0403091957521,0.1
32,4,0.0402932790139,0.1
32,4,0.0399746799794,0.1
32,4,0.0393260168436,0.1
32,4,0.0396943162535,0.1
32,4,0.0399092096882,0.1
32,4,0.0398888992841,0.1
32,4,0.0398855157647,0.1
32,4,0.0401969720741,0.1
32,4,0.0397318979143,0.1
32,4,0.0406141275823,0.1
32,4,0.0396740258123,0.1
33,4,0.0395586223375,0.1
33,4,0.0388158664641,0.1
33,4,0.0390397631692,0.1
33,4,0.0388824019625,0.1
33,4,0.0399902371799,0.1
33,4,0.0389978639548,0.1
33,4,0.0385477404815,0.1
33,4,0.0395397870326,0.1
33,4,0.0386336352013,0.1
33,4,0.0385319158218,0.1
33,4,0.0390512079096,0.1
33,4,0.0384163171081,0.1
33,4,0.0393907257035,0.1
33,4,0.0382504259395,0.1
33,4,0.0384340114067,0.1
33,4,0.0377840532867,0.1
33,4,0.0386141486962,0.1
33,4,0.0386822002751,0.1
34,3,0.0385399009591,0.1
34,3,0.0386953538465,0.1
34,3,0.0376393032814,0.1
34,3,0.0373967356935,0.1
34,3,0.0375479196996,0.1
34,3,0.0374489528367,0.1
34,3,0.0377086851028,0.1
34,3,0.0379047079612,0.1
34,3,0.0380326836048,0.1
34,3,0.0380741102381,0.1
34,3,0.03855968979,0.1
34,3,0.0385092271085,0.1
34,3,0.0385901201299,0.1
34,3,0.0381343671245,0.1
34,3,0.0388323948889,0.1
34,3,0.0388287192424,0.1
34,3,0.0382575320598,0.1
34,3,0.0376955009727,0.1
34,3,0.0373496294169,0.1
34,3,0.0377288301062,0.1
35,4,0.0382242489207,0.1
35,4,0.0376241162516,0.1
35,4,0.0386148570746,0.1
35,4,0.0381983112142,0.1
35,4,0.0382859221001,0.1
35,4,0.0387587601344,0.1
35,4,0.0379641873933,0.1
35,4,0.0373379641279,0.1
35,4,0.0379609542308,0.1
35,4,0.0378746366913,0.1
35,4,0.0373227699585,0.1
35,4,0.0382159996886,0.1
35,4,0.0382739795639,0.1
35,4,0.0376144288529,0.1
35,4,0.0376559646112,0.1
35,4,0.0377744520944,0.1
35,4,0.0372448110914,0.1
35,4,0.037876576714,0.1
35,4,0.0371337410424,0.1
35,4,0.0375259587487,0.1
36,4,0.0358025242866,0.1
36,4,0.0358064081284,0.1
36,4,0.0367691667098,0.1
36,4,0.0357224397419,0.1
36,4,0.0356396203647,0.1
36,4,0.0362762660624,0.1
36,4,0.0362164382417,0.1
36,4,0.036607029185,0.1
36,4,0.0365926857534,0.1
36,4,0.0362917663154,0.1
36,4,0.0362536038875,0.1
36,4,0.0361419901769,0.1
36,4,0.0364371020859,0.1
36,4,0.0356132230925,0.1
36,4,0.0354392568198,0.1
36,4,0.0363400605416,0.1
36,4,0.036405084973,0.1
36,4,0.0360337572492,0.1
36,4,0.0358214730297,0.1
37,5,0.0363220678686,0.1
37,5,0.0363280982159,0.1
37,5,0.0363073882372,0.1
37,5,0.0356786504316,0.1
37,5,0.035674994896,0.1
37,5,0.0359911189656,0.1
37,5,0.0358582879593,0.1
37,5,0.0363666101851,0.1
37,5,0.0359618943442,0.1
37,5,0.0364187882444,0.1
37,5,0.0362395116073,0.1
37,5,0.0364685967554,0.1
37,5,0.0366678922892,0.1
37,5,0.0353139301444,0.1
37,5,0.0347981037534,0.1
37,5,0.0349994803019,0.1
37,5,0.0352511259446,0.1
37,5,0.035203879597,0.1
37,5,0.0351596567221,0.1
37,5,0.0348318478915,0.1
37,5,0.0359038803909,0.1
38,4,0.034989595527,0.1
38,4,0.0346937292176,0.1
38,4,0.0347390448563,0.1
38,4,0.034255579712,0.1
38,4,0.0344052498344,0.1
38,4,0.0349700580946,0.1
38,4,0.034511822963,0.1
38,4,0.034303734981,0.1
38,4,0.0344180454146,0.1
38,4,0.0343563817713,0.1
38,4,0.0343293213274,0.1
38,4,0.0339927643866,0.1
38,4,0.0345434162004,0.1
38,4,0.0345222280259,0.1
38,4,0.0349602090561,0.1
38,4,0.0350618144895,0.1
38,4,0.0350862449089,0.1
38,4,0.0355038704015,0.1
38,4,0.035477556164,0.1
38,4,0.0354052740969,0.1
38,4,0.0346399921476,0.1
39,4,0.0352585945327,0.1
39,4,0.0352922116574,0.1
39,4,0.0348365147043,0.1
39,4,0.0349949936589,0.1
39,4,0.0343189613244,0.1
39,4,0.0342450497309,0.1
39,4,0.0338021801588,0.1
39,4,0.0336714492617,0.1
39,4,0.033180867176,0.1
39,4,0.033629449767,0.1
39,4,0.0333611511002,0.1
39,4,0.0336368341038,0.1
39,4,0.0335788765703,0.1
39,4,0.0343882553941,0.1
39,4,0.0338839328136,0.1
39,4,0.0341298766077,0.1
39,4,0.0333759537913,0.1
39,4,0.0333003402342,0.1
39,4,0.033649088543,0.1
39,4,0.0335535591951,0.1
39,4,0.0331979934334,0.1
39,4,0.0338659656638,0.1
40,4,0.0338146962201,0.1
40,4,0.0337356304506,0.1
40,4,0.033568393841,0.1
40,4,0.0333740406032,0.1
40,4,0.0333417765851,0.1
40,4,0.033690552695,0.1
40,4,0.0334135156065,0.1
40,4,0.0327923660359,0.1
40,4,0.0331136670977,0.1
40,4,0.0324366510905,0.1
40,4,0.0329556431994,0.1
40,4,0.0327014727722,0.1
40,4,0.0327449072564,0.1
40,4,0.0338436587746,0.1
40,4,0.0336036505099,0.1
40,4,0.0330861463312,0.1
40,4,0.0332481898629,0.1
40,4,0.0324539594001,0.1
40,4,0.0320541061394,0.1
40,4,0.0322337777911,0.1
40,4,0.0326978575437,0.1
41,5,0.0327362321693,0.1
41,5,0.0330952729658,0.1
41,5,0.0331121670374,0.1
41,5,0.0322639753714,0.1
41,5,0.0327324017167,0.1
41,5,0.0320932949994,0.1
41,5,0.0317526822413,0.1
41,5,0.0320718177824,0.1
41,5,0.0322444333028,0.1
41,5,0.0328066783034,0.1
41,5,0.0333300277927,0.1
41,5,0.0324259444292,0.1
41,5,0.0327571830138,0.1
41,5,0.0324639351306,0.1
41,5,0.0329577382154,0.1
41,5,0.0326182258342,0.1
41,5,0.0327384645562,0.1
41,5,0.0328006918909,0.1
41,5,0.032498710493,0.1
41,5,0.0325172881126,0.1
41,5,0.0328188722908,0.1
41,5,0.03423704295,0.1
42,4,0.032643655943,0.1
42,4,0.0327353302082,0.1
42,4,0.0332007756267,0.1
42,4,0.0323561181906,0.1
42,4,0.0329295988755,0.1
42,4,0.0323882905053,0.1
42,4,0.0324233132523,0.1
42,4,0.0319031426956,0.1
42,4,0.0320800187095,0.1
42,4,0.0321877157603,0.1
42,4,0.0321697505303,0.1
42,4,0.0324127383329,0.1
42,4,0.0326692958392,0.1
42,4,0.0316429907296,0.1
42,4,0.0317411467072,0.1
42,4,0.0315124689619,0.1
42,4,0.0316011620385,0.1
42,4,0.0310425517343,0.1
42,4,0.0318224529101,0.1
42,4,0.0314193737166,0.1
42,4,0.0318787424638,0.1
43,4,0.0318338919391,0.1
43,4,0.0310754616123,0.1
43,4,0.0310401768484,0.1
43,4,0.0316088906121,0.1
43,4,0.0311306303492,0.1
43,4,0.0308630863769,0.1
43,4,0.0309725537778,0.1
43,4,0.0309556168158,0.1
43,4,0.031278624425,0.1
43,4,0.0312134733031,0.1
43,4,0.0311502004821,0.1
43,4,0.0309761961543,0.1
43,4,0.0307714552118,0.1
43,4,0.0309687800481,0.1
43,4,0.0299251706722,0.1
43,4,0.0309050891458,0.1
43,4,0.0301550536734,0.1
43,4,0.0305166319925,0.1
43,4,0.0302158672379,0.1
43,4,0.0305129573789,0.1
43,4,0.0303369141008,0.1
43,4,0.0303217917612,0.1
44,4,0.030648925878,0.1
44,4,0.0308854661909,0.1
44,4,0.030065635476,0.1
44,4,0.0305589799336,0.1
44,4,0.0303897679998,0.1
44,4,0.0311804366464,0.1
44,4,0.0302583611516,0.1
44,4,0.0297079873939,0.1
44,4,0.0293351036877,0.1
44,4,0.0297367484848,0.1
44,4,0.0309795479674,0.1
44,4,0.0304014354356,0.1
44,4,0.0301831627391,0.1
44,4,0.029728804381,0.1
44,4,0.0302854361801,0.1
44,4,0.0305427904096,0.1
44,4,0.030350525791,0.1
44,4,0.0308553674545,0.1
44,4,0.0297550482966,0.1
44,4,0.0297471183317,0.1
44,4,0.0308646946079,0.1
45,4,0.0297489179274,0.1
45,4,0.0300975918653,0.1
45,4,0.0302415495905,0.1
45,4,0.0304611301884,0.1
45,4,0.0307211133146,0.1
45,4,0.0304472092938,0.1
45,4,0.0300917095151,0.1
45,4,0.0292926436634,0.1
45,4,0.0297065376318,0.1
45,4,0.0295822755401,0.1
45,4,0.0301221359019,0.1
45,4,0.029799305368,0.1
45,4,0.0301155679351,0.1
45,4,0.0298764736881,0.1
45,4,0.0303821461425,0.1
45,4,0.0306286676056,0.1
45,4,0.0298397101739,0.1
45,4,0.0295836307086,0.1
45,4,0.0295371538579,0.1
45,4,0.0295181429126,0.1
45,4,0.0291606828624,0.1
45,4,0.0290201501404,0.1
46,5,0.029245101706,0.1
46,5,0.0294913970574,0.1
46,5,0.0291455584867,0.1
46,5,0.0295078368472,0.1
46,5,0.029326644342,0.1
46,5,0.0290358855764,0.1
46,5,0.0293396372014,0.1
46,5,0.0289107233192,0.1
46,5,0.0287671721385,0.1
46,5,0.0288963380336,0.1
46,5,0.0283160342539,0.1
46,5,0.0282613054642,0.1
46,5,0.0277914475793,0.1
46,5,0.0285402155908,0.1
46,5,0.0287255768669,0.1
46,5,0.0281156626257,0.1
46,5,0.0284460380922,0.1
46,5,0.028660174433,0.1
46,5,0.0291300668816,0.1
46,5,0.0284428467829,0.1
46,5,0.0292389116638,0.1
47,5,0.0289159442739,0.1
47,5,0.0288203818848,0.1
47,5,0.028606243805,0.1
47,5,0.0293454935481,0.1
47,5,0.028657345533,0.1
47,5,0.0288159539729,0.1
47,5,0.0283539480269,0.1
47,5,0.0279788584599,0.1
47,5,0.0280609992998,0.1
47,5,0.0285386682369,0.1
47,5,0.0281921111224,0.1
47,5,0.0278921744142,0.1
47,5,0.028450333963,0.1
47,5,0.0279444443826,0.1
47,5,0.0280576638951,0.1
47,5,0.0276533702703,0.1
47,5,0.0278943790369,0.1
47,5,0.0278202413727,0.1
47,5,0.0273685738381,0.1
47,5,0.027292884277,0.1
47,5,0.0269702593018,0.1
48,5,0.0276893080758,0.1
48,5,0.0276597817357,0.1
48,5,0.0278818979981,0.1
48,5,0.0269870724338,0.1
48,5,0.0271145916677,0.1
48,5,0.0274645726525,0.1
48,5,0.0279713641046,0.1
48,5,0.0275315254571,0.1
48,5,0.028043668325,0.1
48,5,0.0278208944779,0.1
48,5,0.0267927644856,0.1
48,5,0.027076881444,0.1
48,5,0.0271764811014,0.1
48,5,0.0275077900669,0.1
48,5,0.0274185557932,0.1
48,5,0.0274306601555,0.1
48,5,0.02724485177,0.1
48,5,0.0275612930343,0.1
48,5,0.0280097306501,0.1
48,5,0.0267531645105,0.1
48,5,0.0272022170671,0.1
48,5,0.0272113746987,0.1
48,5,0.0279605436638,0.1
49,5,0.0271516154656,0.1
49,5,0.0277931177545,0.1
49,5,0.0270794435605,0.1
49,5,0.0268203958167,0.1
49,5,0.0277301319631,0.1
49,5,0.0273829649533,0.1
49,5,0.0279641796286,0.1
49,5,0.0278353102265,0.1
49,5,0.0277747583253,0.1
49,5,0.0278707488066,0.1
49,5,0.0268127412091,0.1
49,5,0.0275970916835,0.1
49,5,0.0276412668216,0.1
49,5,0.027440678891,0.1
49,5,0.0283082977224,0.1
49,5,0.0282510415256,0.1
49,5,0.0277946518515,0.1
49,5,0.0269796448907,0.1
49,5,0.0267644774063,0.1
49,5,0.0272344628702,0.1
49,5,0.0270843370389,0.1
49,5,0.0275909169642,0.1
50,5,0.02639347532,0.1
50,5,0.026942649362,0.1
50,5,0.0269094203993,0.1
50,5,0.0265375629942,0.1
50,5,0.0266993085209,0.1
50,5,0.0266296373984,0.1
50,5,0.0270023121325,0.1
50,5,0.0267465653559,0.1
50,5,0.0274493214146,0.1
50,5,0.0267701193111,0.1
50,5,0.0270495228957,0.1
50,5,0.0273796043816,0.1
50,5,0.0262510734815,0.1
50,5,0.0265081656929,0.1
50,5,0.026133594138,0.1
50,5,0.0274118144362,0.1
50,5,0.0270485070751,0.1
50,5,0.0268340850326,0.1
50,5,0.0273714681099,0.1
50,5,0.0274408913682,0.1
50,5,0.0271302398132,0.1
50,5,0.0272022601464,0.1
50,5,0.0272669581965,0.1
51,5,0.0270447430232,0.1
51,5,0.0270647779603,0.1
51,5,0.0270980322547,0.1
51,5,0.0270269944682,0.1
51,5,0.0267403815345,0.1
51,5,0.0270057285632,0.1
51,5,0.0268045598104,0.1
51,5,0.0268630838878,0.1
51,5,0.0267609036583,0.1
51,5,0.0262213983397,0.1
51,5,0.0276537111806,0.1
51,5,0.0261045022776,0.1
51,5,0.0264096521854,0.1
51,5,0.0264951936985,0.1
51,5,0.0264713672005,0.1
51,5,0.0260188194896,0.1
51,5,0.0261322823329,0.1
51,5,0.0261563972084,0.1
51,5,0.0261166718138,0.1
51,5,0.0261374993802,0.1
51,5,0.0261710239401,0.1
51,5,0.0264636237228,0.1
51,5,0.026553200419,0.1
52,4,0.0261915588755,0.1
52,4,0.0255125155485,0.1
52,4,0.0256791984849,0.1
52,4,0.0259049570236,0.1
52,4,0.0263066917942,0.1
52,4,0.0256249344644,0.1
52,4,0.0258938668944,0.1
52,4,0.0255245672325,0.1
52,4,0.0261197269708,0.1
52,4,0.0257433802592,0.1
52,4,0.026062191148,0.1
52,4,0.0260093980124,0.1
52,4,0.0256568424198,0.1
52,4,0.0272957731383,0.1
52,4,0.0258352105985,0.1
52,4,0.0258250800376,0.1
52,4,0.0260341397167,0.1
52,4,0.0256305057263,0.1
52,4,0.0260550921514,0.1
52,4,0.0259585806905,0.1
52,4,0.0257995700923,0.1
52,4,0.0259303942649,0.1
53,4,0.0258692454804,0.1
53,4,0.0256846347631,0.1
53,4,0.0257626823472,0.1
53,4,0.025423140885,0.1
53,4,0.0253592094794,0.1
53,4,0.0251452366331,0.1
53,4,0.0253963757575,0.1
53,4,0.0257580881211,0.1
53,4,0.0253224520219,0.1
53,4,0.025371064248,0.1
53,4,0.0253795507223,0.1
53,4,0.0251183336363,0.1
53,4,0.0256446609419,0.1
53,4,0.0252685622463,0.1
53,4,0.0252198739301,0.1
53,4,0.0249889699127,0.1
53,4,0.0254467707186,0.1
53,4,0.0256442829483,0.1
53,4,0.0251540255841,0.1
53,4,0.0253977080785,0.1
53,4,0.0247992949162,0.1
53,4,0.0253399842631,0.1
54,5,0.0245929961568,0.1
54,5,0.0248915034906,0.1
54,5,0.0251477589683,0.1
54,5,0.0249223270409,0.1
54,5,0.0244688229982,0.1
54,5,0.0248739305826,0.1
54,5,0.0250808647079,0.1
54,5,0.0246772752549,0.1
54,5,0.0245954934518,0.1
54,5,0.0253055045889,0.1
54,5,0.0248644315913,0.1
54,5,0.0250281932975,0.1
54,5,0.025632739769,0.1
54,5,0.025200407786,0.1
54,5,0.0256434224201,0.1
54,5,0.0251400651998,0.1
54,5,0.025600889416,0.1
54,5,0.0255058241747,0.1
54,5,0.025131940665,0.1
54,5,0.0254684222428,0.1
54,5,0.0257773648788,0.1
54,5,0.0256671612075,0.1
55,4,0.0253919976588,0.1
55,4,0.0247927131802,0.1
55,4,0.0247287605583,0.1
55,4,0.0251607163148,0.1
55,4,0.0258062283054,0.1
55,4,0.0258019139457,0.1
55,4,0.0251244658584,0.1
55,4,0.0248937427192,0.1
55,4,0.0252815005345,0.1
55,4,0.0252164662565,0.1
55,4,0.0255588658679,0.1
55,4,0.0250014732972,0.1
55,4,0.0245806512339,0.1
55,4,0.0246057816358,0.1
55,4,0.0246585559799,0.1
55,4,0.0246463209802,0.1
55,4,0.025466033786,0.1
55,4,0.0252499018752,0.1
55,4,0.0249521296185,0.1
55,4,0.0252809207931,0.1
55,4,0.0243998697709,0.1
55,4,0.024315355936,0.1
55,4,0.0250828376572,0.1
56,5,0.0243278349357,0.1
56,5,0.0245145289314,0.1
56,5,0.0247246593734,0.1
56,5,0.0243029965957,0.1
56,5,0.0245140935046,0.1
56,5,0.0245561924174,0.1
56,5,0.0246764755525,0.1
56,5,0.0243936820096,0.1
56,5,0.0246713549218,0.1
56,5,0.0245021496041,0.1
56,5,0.024738808944,0.1
56,5,0.0244150794965,0.1
56,5,0.0244951555867,0.1
56,5,0.0246322925947,0.1
56,5,0.0242695479811,0.1
56,5,0.0248093444534,0.1
56,5,0.0250217230988,0.1
56,5,0.0244558559091,0.1
56,5,0.0248817430865,0.1
56,5,0.0250001666207,0.1
56,5,0.0249505490494,0.1
56,5,0.0251224249438,0.1
56,5,0.0251337343388,0.1
57,4,0.0248157958993,0.1
57,4,0.0240350983443,0.1
57,4,0.0249536595077,0.1
57,4,0.0246374283757,0.1
57,4,0.0244639405672,0.1
57,4,0.024580933086,0.1
57,4,0.0250797663003,0.1
57,4,0.0239457448309,0.1
57,4,0.0246442353722,0.1
57,4,0.0240764178787,0.1
57,4,0.0243670146952,0.1
57,4,0.024608057688,0.1
57,4,0.0247994359584,0.1
57,4,0.0245380329361,0.1
57,4,0.0246870471392,0.1
57,4,0.0246619608652,0.1
57,4,0.0248983544566,0.1
57,4,0.0249152540315,0.1
57,4,0.0244508110058,0.1
57,4,0.0246737357803,0.1
57,4,0.0242355288227,0.1
57,4,0.0242290476385,0.1
58,4,0.0242506042673,0.1
58,4,0.0245805030624,0.1
58,4,0.024547923973,0.1
58,4,0.0244735552349,0.1
58,4,0.0246194302452,0.1
58,4,0.0247022872153,0.1
58,4,0.0241021893354,0.1
58,4,0.02422881613,0.1
58,4,0.0241796976725,0.1
58,4,0.0247659885643,0.1
58,4,0.0249579869005,0.1
58,4,0.0252768351478,0.1
58,4,0.0247883992196,0.1
58,4,0.0248092991392,0.1
58,4,0.0254919899069,0.1
58,4,0.0248966954546,0.1
58,4,0.0242497619247,0.1
58,4,0.0245344616379,0.1
58,4,0.0243994641913,0.1
58,4,0.0243817846711,0.1
58,4,0.0248221630441,0.1
58,4,0.0247265852442,0.1
58,4,0.0247820292348,0.1
59,4,0.0255972426004,0.1
59,4,0.0245284066538,0.1
59,4,0.0242451699716,0.1
59,4,0.0240792205868,0.1
59,4,0.0243262470133,0.1
59,4,0.0241398096656,0.1
59,4,0.0240864217978,0.1
59,4,0.0238172141223,0.1
59,4,0.0240011104601,0.1
59,4,0.023855912496,0.1
59,4,0.0242088089791,0.1
59,4,0.0241908196013,0.1
59,4,0.0233841297895,0.1
59,4,0.0235600742346,0.1
59,4,0.0236356351769,0.1
59,4,0.0235141647933,0.1
59,4,0.0235706997131,0.1
59,4,0.0239701067322,0.1
59,4,0.0243911567528,0.1
59,4,0.024312916234,0.1
59,4,0.0243272366368,0.1
59,4,0.0242336076374,0.1
60,5,0.0239819629534,0.1
60,5,0.0236643838692,0.1
60,5,0.0237357202663,0.1
60,5,0.0233269652847,0.1
60,5,0.0237241359183,0.1
60,5,0.0235127842672,0.1
60,5,0.0236313286551,0.1
60,5,0.0236135964427,0.1
60,5,0.0235632744886,0.1
60,5,0.0233583060773,0.1
60,5,0.0235458920749,0.1
60,5,0.0234553371219,0.1
60,5,0.0246693050153,0.1
60,5,0.0247349709484,0.1
60,5,0.0239588894389,0.1
60,5,0.0241184446856,0.1
60,5,0.0247609463808,0.1
60,5,0.0244586966341,0.1
60,5,0.0247964922817,0.1
60,5,0.0243984952395,0.1
60,5,0.0243883297917,0.1
60,5,0.0241299480754,0.1
61,4,0.0240367978103,0.1
61,4,0.0240534278859,0.1
61,4,0.0241679568418,0.1
61,4,0.0243174033672,0.1
61,4,0.0242908264909,0.1
61,4,0.0239658580481,0.1
61,4,0.0245896710363,0.1
61,4,0.0241390332511,0.1
61,4,0.0238411944458,0.1
61,4,0.0246836187315,0.1
61,4,0.0242332337987,0.1
61,4,0.0233089204525,0.1
61,4,0.0240857714821,0.1
61,4,0.0233053679256,0.1
61,4,0.023458289502,0.1
61,4,0.0233387418312,0.1
61,4,0.023614736662,0.1
61,4,0.0233944024767,0.1
61,4,0.0232797553913,0.1
61,4,0.0233602265699,0.1
61,4,0.023291539925,0.1
61,4,0.023661423182,0.1
61,4,0.0254532496904,0.1
62,4,0.0237724865925,0.1
62,4,0.0234362477411,0.1
62,4,0.0237748563151,0.1
62,4,0.0236835322829,0.1
62,4,0.0234577298137,0.1
62,4,0.0236826036393,0.1
62,4,0.0231935127358,0.1
62,4,0.0234388171352,0.1
62,4,0.0238659443312,0.1
62,4,0.0238533924799,0.1
62,4,0.0230782600386,0.1
62,4,0.0236494576718,0.1
62,4,0.0236436094181,0.1
62,4,0.0229465658819,0.1
62,4,0.0237673805068,0.1
62,4,0.0236055050691,0.1
62,4,0.0234976480995,0.1
62,4,0.0238663524688,0.1
62,4,0.0235297913217,0.1
62,4,0.0238992693524,0.1
62,4,0.0236015735361,0.1
63,5,0.0236997158083,0.1
63,5,0.0237994021358,0.1
63,5,0.0237067167641,0.1
63,5,0.0240651873487,0.1
63,5,0.0241499030666,0.1
63,5,0.0243465794505,0.1
63,5,0.0235512305708,0.1
63,5,0.024051556269,0.1
63,5,0.0238361867024,0.1
63,5,0.0239997363481,0.1
63,5,0.0235263249836,0.1
63,5,0.0233375396332,0.1
63,5,0.02318457824,0.1
63,5,0.0237748144738,0.1
63,5,0.0231150323776,0.1
63,5,0.0236798773501,0.1
63,5,0.0236907618838,0.1
63,5,0.023905089857,0.1
63,5,0.0237594608886,0.1
63,5,0.0238316678219,0.1
63,5,0.0240681912945,0.1
63,5,0.0237958549568,0.1
63,5,0.0236734921251,0.1
64,5,0.0236092228474,0.1
64,5,0.0240272732581,0.1
64,5,0.024018732431,0.1
64,5,0.023759988481,0.1
64,5,0.0240187454913,0.1
64,5,0.0237181329093,0.1
64,5,0.023190463582,0.1
64,5,0.0233181585781,0.1
64,5,0.0233298293749,0.1
64,5,0.0237975411487,0.1
64,5,0.0234139832588,0.1
64,5,0.0233148394112,0.1
64,5,0.0236288938722,0.1
64,5,0.023616231626,0.1
64,5,0.0234179766307,0.1
64,5,0.0238096782907,0.1
64,5,0.0227847517185,0.1
64,5,0.0234419265512,0.1
64,5,0.0235723091889,0.1
64,5,0.0231440288695,0.1
64,5,0.0236759077861,0.1
64,5,0.0232955441337,0.1
64,5,0.0245290510368,0.1
65,5,0.0237467140195,0.1
65,5,0.0236847980971,0.1
65,5,0.0235115954204,0.1
65,5,0.0235114504301,0.1
65,5,0.023430105515,0.1
65,5,0.0238534843434,0.1
65,5,0.0238527729007,0.1
65,5,0.0229964837013,0.1
65,5,0.0238405084484,0.1
65,5,0.0237800500545,0.1
65,5,0.0229942421068,0.1
65,5,0.0234432265369,0.1
65,5,0.0237598288001,0.1
65,5,0.0236607826289,0.1
65,5,0.0235901605496,0.1
65,5,0.0235869308837,0.1
65,5,0.0235095490145,0.1
65,5,0.023374232926,0.1
65,5,0.023244686969,0.1
65,5,0.0228516984099,0.1
65,5,0.0229980041277,0.1
65,5,0.0227449913799,0.1
66,4,0.0231852116062,0.1
66,4,0.0230566195037,0.1
66,4,0.0229211701482,0.1
66,4,0.0225624699469,0.1
66,4,0.0225037288513,0.1
66,4,0.0232249698522,0.1
66,4,0.0238088089645,0.1
66,4,0.022800222312,0.1
66,4,0.0235462130724,0.1
66,4,0.0236532256612,0.1
66,4,0.0241681908699,0.1
66,4,0.0236740100453,0.1
66,4,0.0231653593453,0.1
66,4,0.0230640516448,0.1
66,4,0.0231420899037,0.1
66,4,0.0232416865602,0.1
66,4,0.0237543341237,0.1
66,4,0.0234014696506,0.1
66,4,0.0231891948904,0.1
66,4,0.0233023281859,0.1
66,4,0.0234151139043,0.1
66,4,0.0236707754621,0.1
66,4,0.023492742588,0.1
67,4,0.0236632782087,0.1
67,4,0.0239686986168,0.1
67,4,0.023103373402,0.1
67,4,0.0234657973373,0.1
67,4,0.0233638384105,0.1
67,4,0.0228907904527,0.1
67,4,0.0230783183838,0.1
67,4,0.023873729811,0.1
67,4,0.024081115897,0.1
67,4,0.0231193309389,0.1
67,4,0.0237837525943,0.1
67,4,0.023376024039,0.1
67,4,0.0228745676337,0.1
67,4,0.0234261979263,0.1
67,4,0.0231050009177,0.1
67,4,0.0227286915939,0.1
67,4,0.0224555496216,0.1
67,4,0.0222212874393,0.1
67,4,0.0231825994142,0.1
67,4,0.022991261625,0.1
67,4,0.023371980149,0.1
67,4,0.0231299463038,0.1
67,4,0.0233097025962,0.1
68,4,0.0236369676878,0.1
68,4,0.0233436375588,0.1
68,4,0.0235041974889,0.1
68,4,0.0231534534276,0.1
68,4,0.0235132471217,0.1
68,4,0.0230372993798,0.1
68,4,0.0233578996767,0.1
68,4,0.0236193113817,0.1
68,4,0.0229829950285,0.1
68,4,0.0226365621562,0.1
68,4,0.0228971414405,0.1
68,4,0.023995432791,0.1
68,4,0.0243476541812,0.1
68,4,0.0234198310056,0.1
68,4,0.0232351582138,0.1
68,4,0.0228284892875,0.1
68,4,0.0227743181281,0.1
68,4,0.0224392727753,0.1
68,4,0.0229981190019,0.1
68,4,0.022647489728,0.1
68,4,0.0234411138457,0.1
68,4,0.0229671398158,0.1
68,4,0.0225488661249,0.1
68,4,0.0224061550665,0.1
69,5,0.0224795402084,0.1
69,5,0.0229995433822,0.1
69,5,0.0224029591901,0.1
69,5,0.0226219793935,0.1
69,5,0.0228543599648,0.1
69,5,0.0227279674025,0.1
69,5,0.0229488889438,0.1
69,5,0.0232095038336,0.1
69,5,0.0224779906911,0.1
69,5,0.0231083106973,0.1
69,5,0.0228594551147,0.1
69,5,0.0228325253527,0.1
69,5,0.0231540236463,0.1
69,5,0.022691782067,0.1
69,5,0.0226469586306,0.1
69,5,0.0228342653676,0.1
69,5,0.0229219876438,0.1
69,5,0.0230401306299,0.1
69,5,0.0220229330912,0.1
69,5,0.0225987289584,0.1
69,5,0.0225008642126,0.1
69,5,0.0228135219127,0.1
69,5,0.022259839865,0.1
70,4,0.0222039814144,0.1
70,4,0.022462362866,0.1
70,4,0.0221153940499,0.1
70,4,0.0225507286115,0.1
70,4,0.0225059886857,0.1
70,4,0.0231282733958,0.1
70,4,0.0231275584336,0.1
70,4,0.0226417973483,0.1
70,4,0.0233448684814,0.1
70,4,0.0232067959219,0.1
70,4,0.0232176579123,0.1
70,4,0.0228706741968,0.1
70,4,0.0227093123329,0.1
70,4,0.0230799154812,0.1
70,4,0.0225822885389,0.1
70,4,0.0229326550333,0.1
70,4,0.0229604859189,0.1
70,4,0.0231681432877,0.1
70,4,0.0229338516751,0.1
70,4,0.0232523155345,0.1
70,4,0.0227907694272,0.1
70,4,0.0229395000859,0.1
71,5,0.023139522381,0.1
71,5,0.0229110149912,0.1
71,5,0.0229477685124,0.1
71,5,0.0226879820397,0.1
71,5,0.0221150070452,0.1
71,5,0.0231201278928,0.1
71,5,0.0231540499794,0.1
71,5,0.0226593504422,0.1
71,5,0.0229701193701,0.1
71,5,0.0223715635883,0.1
71,5,0.0227073946151,0.1
71,5,0.0229304592726,0.1
71,5,0.0228335076926,0.1
71,5,0.022470022862,0.1
71,5,0.0226416598429,0.1
71,5,0.0226281655929,0.1
71,5,0.0231892716925,0.1
71,5,0.0236153287465,0.1
71,5,0.0232310935006,0.1
71,5,0.0228585481867,0.1
71,5,0.0230391103133,0.1
71,5,0.0230957735736,0.1
71,5,0.0221940987278,0.1
71,5,0.0226786719717,0.1
72,4,0.0228838526354,0.1
72,4,0.0223824673596,0.1
72,4,0.0229115432552,0.1
72,4,0.0226569340509,0.1
72,4,0.0235063384614,0.1
72,4,0.0223866456682,0.1
72,4,0.0226772448819,0.1
72,4,0.022564055036,0.1
72,4,0.0223961259635,0.1
72,4,0.0233925888525,0.1
72,4,0.0225625525006,0.1
72,4,0.0228349144011,0.1
72,4,0.0237025080126,0.1
72,4,0.0225432018332,0.1
72,4,0.0223686664749,0.1
72,4,0.0226017324614,0.1
72,4,0.0221687130644,0.1
72,4,0.0228620610259,0.1
72,4,0.0231730086135,0.1
72,4,0.0230054171864,0.1
72,4,0.0226596584871,0.1
72,4,0.0224017466665,0.1
72,4,0.0221548724414,0.1
73,4,0.0230419874199,0.1
73,4,0.0231416926482,0.1
73,4,0.0225270512525,0.1
73,4,0.0219274860942,0.1
73,4,0.0223302339103,0.1
73,4,0.0218519585107,0.1
73,4,0.0220132141469,0.1
73,4,0.0221560619321,0.1
73,4,0.021837602533,0.1
73,4,0.0220762140445,0.1
73,4,0.0226961310353,0.1
73,4,0.0224704975648,0.1
73,4,0.0224277638553,0.1
73,4,0.0225621566289,0.1
73,4,0.0224330217753,0.1
73,4,0.0224234223129,0.1
73,4,0.0224984074615,0.1
73,4,0.0223063258184,0.1
73,4,0.0232636736492,0.1
73,4,0.0222250841675,0.1
73,4,0.0219894254908,0.1
73,4,0.0230934797131,0.1
73,4,0.022304851682,0.1
74,5,0.0222548154055,0.1
74,5,0.0226970203268,0.1
74,5,0.0216226918093,0.1
74,5,0.0216015405232,0.1
74,5,0.0218427323191,0.1
74,5,0.0222247229904,0.1
74,5,0.0222349921616,0.1
74,5,0.0227638795318,0.1
74,5,0.0226235149039,0.1
74,5,0.0222537989833,0.1
74,5,0.0224297500827,0.1
74,5,0.0216730789297,0.1
74,5,0.0224835095698,0.1
74,5,0.0221831064489,0.1
74,5,0.0220046139789,0.1
74,5,0.0217892043829,0.1
74,5,0.0217207825512,0.1
74,5,0.0223547227358,0.1
74,5,0.0218770759575,0.1
74,5,0.0211522231256,0.1
74,5,0.0217306947649,0.1
74,5,0.0220213859725,0.1
74,5,0.0226673614109,0.1
75,5,0.0226050207196,0.1
75,5,0.0216907728857,0.1
75,5,0.0219851770002,0.1
75,5,0.0216600860124,0.1
75,5,0.0219735921695,0.1
75,5,0.0221619487241,0.1
75,5,0.0221847159937,0.1
75,5,0.0222445326337,0.1
75,5,0.0220994376438,0.1
75,5,0.0219865727325,0.1
75,5,0.0221779978097,0.1
75,5,0.0221557024655,0.1
75,5,0.0220900475898,0.1
75,5,0.0214335028067,0.1
75,5,0.0225493760897,0.1
75,5,0.0218442872588,0.1
75,5,0.021931755715,0.1
75,5,0.0223173488128,0.1
75,5,0.0225961504883,0.1
75,5,0.0219765674618,0.1
75,5,0.0220730690643,0.1
75,5,0.0223808979107,0.1
75,5,0.0225491536809,0.1
76,4,0.0230250184767,0.1
76,4,0.0226230094249,0.1
76,4,0.0226668796337,0.1
76,4,0.0218925082054,0.1
76,4,0.0219632665764,0.1
76,4,0.0221498062728,0.1
76,4,0.022911722646,0.1
76,4,0.0219068458826,0.1
76,4,0.0228848218683,0.1
76,4,0.0228133801797,0.1
76,4,0.0223477192436,0.1
76,4,0.0221858135851,0.1
76,4,0.0224334220496,0.1
76,4,0.0226870233647,0.1
76,4,0.0226748750784,0.1
76,4,0.0223836587244,0.1
76,4,0.0221315586691,0.1
76,4,0.0219268640156,0.1
76,4,0.022390120082,0.1
76,4,0.0219650846721,0.1
76,4,0.0217171830033,0.1
76,4,0.0216234332896,0.1
77,5,0.0215519040669,0.1
77,5,0.0221337185176,0.1
77,5,0.0221348274147,0.1
77,5,0.0223874276949,0.1
77,5,0.0223961355092,0.1
77,5,0.0217625902528,0.1
77,5,0.0222711259009,0.1
77,5,0.0227600521101,0.1
77,5,0.022441045149,0.1
77,5,0.0222015597792,0.1
77,5,0.0222836320224,0.1
77,5,0.0226154226667,0.1
77,5,0.0217552818111,0.1
77,5,0.0222954183431,0.1
77,5,0.0222116008238,0.1
77,5,0.0222405443996,0.1
77,5,0.0219153133825,0.1
77,5,0.0223842289699,0.1
77,5,0.021979008778,0.1
77,5,0.0218900994886,0.1
77,5,0.0224377456041,0.1
77,5,0.0222274918207,0.1
77,5,0.0221182008516,0.1
78,4,0.0225223464719,0.1
78,4,0.0227535734769,0.1
78,4,0.0221001745686,0.1
78,4,0.0223661385837,0.1
78,4,0.0218256126538,0.1
78,4,0.0218656910718,0.1
78,4,0.0223142437834,0.1
78,4,0.0224484548962,0.1
78,4,0.0228791386582,0.1
78,4,0.0226633105776,0.1
78,4,0.0225400443199,0.1
78,4,0.0225578594972,0.1
78,4,0.0226469732432,0.1
78,4,0.0221410686535,0.1
78,4,0.0216703353948,0.1
78,4,0.0215949926996,0.1
78,4,0.0219690162398,0.1
78,4,0.0218139390958,0.1
78,4,0.0220510920907,0.1
78,4,0.0220540268898,0.1
78,4,0.0214683381286,0.1
78,4,0.0220275618985,0.1
78,4,0.021530573521,0.1
78,4,0.0213925747638,0.1
79,5,0.0216201797901,0.1
79,5,0.0221349679405,0.1
79,5,0.0219781519006,0.1
79,5,0.0224329445206,0.1
79,5,0.0228784160766,0.1
79,5,0.0221011460915,0.1
79,5,0.0226902253531,0.1
79,5,0.022091456793,0.1
79,5,0.0224855367006,0.1
79,5,0.0223921623446,0.1
79,5,0.0217630807949,0.1
79,5,0.021968250393,0.1
79,5,0.0216053564392,0.1
79,5,0.0217625037808,0.1
79,5,0.0218832196804,0.1
79,5,0.0218593088943,0.1
79,5,0.022255654418,0.1
79,5,0.0221978578675,0.1
79,5,0.0213943404716,0.1
79,5,0.0215436642866,0.1
79,5,0.0223239863714,0.1
79,5,0.0225309208243,0.1
80,4,0.0224165207635,0.1
80,4,0.0226958922242,0.1
80,4,0.0225399936556,0.1
80,4,0.0221740146411,0.1
80,4,0.0225882427683,0.1
80,4,0.0221831920621,0.1
80,4,0.0223474616431,0.1
80,4,0.0226278179978,0.1
80,4,0.0216450080331,0.1
80,4,0.0221466313992,0.1
80,4,0.022164729074,0.1
80,4,0.0216420396362,0.1
80,4,0.022224022897,0.1
80,4,0.0215201518493,0.1
80,4,0.0217793722559,0.1
80,4,0.0213058698504,0.1
80,4,0.0213559476556,0.1
80,4,0.0211909403137,0.1
80,4,0.021231253522,0.1
80,4,0.0214068651265,0.1
80,4,0.0219449363938,0.1
80,4,0.0219782123165,0.1
80,4,0.0214612407909,0.1
80,4,0.0218265403108,0.1
81,5,0.0221698194179,0.1
81,5,0.0215328187331,0.1
81,5,0.0221815625009,0.1
81,5,0.021653237925,0.1
81,5,0.0217253688814,0.1
81,5,0.0212019880395,0.1
81,5,0.0214207363575,0.1
81,5,0.0216466400821,0.1
81,5,0.0217074024327,0.1
81,5,0.0214888954676,0.1
81,5,0.022121339484,0.1
81,5,0.0226101311893,0.1
81,5,0.0228391157459,0.1
81,5,0.0218432028501,0.1
81,5,0.0214218082039,0.1
81,5,0.0221584891605,0.1
81,5,0.0219895434485,0.1
81,5,0.0217054542254,0.1
81,5,0.0221650989701,0.1
81,5,0.0222525131425,0.1
81,5,0.0216571798683,0.1
81,5,0.0222726544321,0.1
82,5,0.0220889900431,0.1
82,5,0.0213012773714,0.1
82,5,0.021904604129,0.1
82,5,0.0219071330575,0.1
82,5,0.0220161342306,0.1
82,5,0.0220489180824,0.1
82,5,0.0223668834427,0.1
82,5,0.0218165534323,0.1
82,5,0.0213550294265,0.1
82,5,0.0207870130669,0.1
82,5,0.0211156130604,0.1
82,5,0.0219987965541,0.1
82,5,0.0214389510287,0.1
82,5,0.0211055206838,0.1
82,5,0.0218624582177,0.1
82,5,0.0215645688404,0.1
82,5,0.02136172162,0.1
82,5,0.0210905450758,0.1
82,5,0.0221078807942,0.1
82,5,0.021125610352,0.1
82,5,0.0213381778563,0.1
82,5,0.0212943535837,0.1
82,5,0.0213806311047,0.1
83,4,0.0215981074953,0.1
83,4,0.021667848967,0.1
83,4,0.0218859661342,0.1
83,4,0.0212227017223,0.1
83,4,0.0221395813165,0.1
83,4,0.0212823184992,0.1
83,4,0.0217930901436,0.1
83,4,0.0217631097704,0.1
83,4,0.0217664010966,0.1
83,4,0.0220625928477,0.1
83,4,0.0214546274183,0.1
83,4,0.0211890760656,0.1
83,4,0.0215542338332,0.1
83,4,0.0217044989195,0.1
83,4,0.0219576051444,0.1
83,4,0.0217222822323,0.1
83,4,0.0223866722218,0.1
83,4,0.0219290772944,0.1
83,4,0.0220292170523,0.1
83,4,0.0218525830752,0.1
83,4,0.0217482531577,0.1
83,4,0.0206066524286,0.1
84,5,0.0215683465176,0.1
84,5,0.021455587797,0.1
84,5,0.0217947737832,0.1
84,5,0.0222485499112,0.1
84,5,0.0216197845393,0.1
84,5,0.0216367954808,0.1
84,5,0.0221197297411,0.1
84,5,0.0219171658649,0.1
84,5,0.0215452818796,0.1
84,5,0.0223759011493,0.1
84,5,0.0216250748331,0.1
84,5,0.0218745947137,0.1
84,5,0.0217371536364,0.1
84,5,0.0218505447218,0.1
84,5,0.0221021267441,0.1
84,5,0.0214404250964,0.1
84,5,0.0219901633296,0.1
84,5,0.0218430542706,0.1
84,5,0.0211997094938,0.1
84,5,0.021880828822,0.1
84,5,0.0209626746199,0.1
84,5,0.0215879767352,0.1
84,5,0.0210081325601,0.1
84,5,0.0200686682099,0.1
85,4,0.021275760659,0.1
85,4,0.0217271968585,0.1
85,4,0.0214488363264,0.1
85,4,0.021095403995,0.1
85,4,0.0214332212045,0.1
85,4,0.0219048694079,0.1
85,4,0.0218246370309,0.1
85,4,0.021770253466,0.1
85,4,0.0218968931167,0.1
85,4,0.0222764847361,0.1
85,4,0.0218167181824,0.1
85,4,0.02174201114,0.1
85,4,0.0218842513927,0.1
85,4,0.0217139683171,0.1
85,4,0.0220592730901,0.1
85,4,0.0218277002381,0.1
85,4,0.0218356858011,0.1
85,4,0.0212338626875,0.1
85,4,0.021418946442,0.1
85,4,0.0214157102446,0.1
85,4,0.0217454106212,0.1
85,4,0.0211056990179,0.1
85,4,0.0215757605526,0.1
86,5,0.0212172321449,0.1
86,5,0.0213997423316,0.1
86,5,0.0210382746712,0.1
86,5,0.0214741622661,0.1
86,5,0.0214949416389,0.1
86,5,0.021291082479,0.1
86,5,0.0215766086197,0.1
86,5,0.0216164200233,0.1
86,5,0.0216925352055,0.1
86,5,0.0214121671698,0.1
86,5,0.0211813671457,0.1
86,5,0.0219470433425,0.1
86,5,0.0218334614447,0.1
86,5,0.0216068864935,0.1
86,5,0.0215286800807,0.1
86,5,0.0210505776468,0.1
86,5,0.0213441556527,0.1
86,5,0.0212270776447,0.1
86,5,0.0214659741036,0.1
86,5,0.0214076155609,0.1
86,5,0.0210819976833,0.1
86,5,0.0211842556612,0.1
86,5,0.0217754680566,0.1
87,4,0.0216661683122,0.1
87,4,0.0221095254887,0.1
87,4,0.0214154685557,0.1
87,4,0.0214383361255,0.1
87,4,0.021140017417,0.1
87,4,0.0212055332737,0.1
87,4,0.0215282269757,0.1
87,4,0.0211973821452,0.1
87,4,0.0218987938129,0.1
87,4,0.021468770033,0.1
87,4,0.021828906403,0.1
87,4,0.0213972370281,0.1
87,4,0.0216468492563,0.1
87,4,0.0222548857635,0.1
87,4,0.0214296025502,0.1
87,4,0.0214861073325,0.1
87,4,0.0216622777483,0.1
87,4,0.0219747342698,0.1
87,4,0.0215751332087,0.1
87,4,0.0218623264764,0.1
87,4,0.0215575707063,0.1
87,4,0.0209732143661,0.1
88,5,0.0215697659779,0.1
88,5,0.0219020813795,0.1
88,5,0.0215855386182,0.1
88,5,0.0214188328349,0.1
88,5,0.021451970861,0.1
88,5,0.0217056429522,0.1
88,5,0.0212518144258,0.1
88,5,0.0212033781314,0.1
88,5,0.0212472537596,0.1
88,5,0.0215178008406,0.1
88,5,0.0216508239691,0.1
88,5,0.021473545287,0.1
88,5,0.0211084449879,0.1
88,5,0.0213794547656,0.1
88,5,0.0216833161187,0.1
88,5,0.0219990896278,0.1
88,5,0.0216020198769,0.1
88,5,0.0221193044504,0.1
88,5,0.0215829986348,0.1
88,5,0.0220228032213,0.1
88,5,0.0214329968107,0.1
88,5,0.0183209099244,0.1
89,4,0.0220452683765,0.1
89,4,0.021422413063,0.1
89,4,0.0213721376825,0.1
89,4,0.0214981683633,0.1
89,4,0.0216417510578,0.1
89,4,0.0225276098677,0.1
89,4,0.0220323399448,0.1
89,4,0.0217789517648,0.1
89,4,0.0216807025441,0.1
89,4,0.0216844691917,0.1
89,4,0.0216854577574,0.1
89,4,0.0213036864005,0.1
89,4,0.0217252226101,0.1
89,4,0.0221004003254,0.1
89,4,0.0216598242524,0.1
89,4,0.0211036992608,0.1
89,4,0.0217668910762,0.1
89,4,0.0210974757962,0.1
89,4,0.0211933346159,0.1
89,4,0.0212743465863,0.1
89,4,0.0215881155549,0.1
89,4,0.0209653794618,0.1
90,5,0.0219008030036,0.1
90,5,0.0211642933915,0.1
90,5,0.0212802702578,0.1
90,5,0.0219424323362,0.1
90,5,0.0219221465719,0.1
90,5,0.0220147633048,0.1
90,5,0.0214054376081,0.1
90,5,0.0223310164708,0.1
90,5,0.0223464205171,0.1
90,5,0.0218136017612,0.1
90,5,0.0209519271071,0.1
90,5,0.0222919715735,0.1
90,5,0.0220253787187,0.1
90,5,0.0217475464724,0.1
90,5,0.0216670281451,0.1
90,5,0.0211541361757,0.1
90,5,0.0221521301129,0.1
90,5,0.0215664921701,0.1
90,5,0.0213388061919,0.1
90,5,0.0216214159968,0.1
90,5,0.0218530639499,0.1
90,5,0.021941051378,0.1
90,5,0.0216581768576,0.1
91,5,0.0212179999676,0.1
91,5,0.0218184474233,0.1
91,5,0.0212554063581,0.1
91,5,0.0215494482648,0.1
91,5,0.0216965816588,0.1
91,5,0.021411180018,0.1
91,5,0.0213655257952,0.1
91,5,0.0214412019883,0.1
91,5,0.0208327685183,0.1
91,5,0.0208358708221,0.1
91,5,0.0213154879406,0.1
91,5,0.0216286946035,0.1
91,5,0.020840298528,0.1
91,5,0.0212668139246,0.1
91,5,0.0211226555944,0.1
91,5,0.0213261561245,0.1
91,5,0.0216088537089,0.1
91,5,0.0211236845798,0.1
91,5,0.020986968677,0.1
91,5,0.0211291510005,0.1
91,5,0.0212205450484,0.1
91,5,0.0217428610896,0.1
91,5,0.022218129556,0.1
91,5,0.0221827592308,0.1
92,4,0.02202412739,0.1
92,4,0.0215421321159,0.1
92,4,0.0220390528819,0.1
92,4,0.0218497636767,0.1
92,4,0.0212530471192,0.1
92,4,0.0213883228126,0.1
92,4,0.0212407225507,0.1
92,4,0.0216006726598,0.1
92,4,0.0214326386224,0.1
92,4,0.0219577292562,0.1
92,4,0.0221796826388,0.1
92,4,0.0214247610044,0.1
92,4,0.0218741175459,0.1
92,4,0.0214741549554,0.1
92,4,0.0218898974173,0.1
92,4,0.0217939889976,0.1
92,4,0.02193163719,0.1
92,4,0.0216987848412,0.1
92,4,0.0218843499422,0.1
92,4,0.0210163250652,0.1
92,4,0.0213362159043,0.1
92,4,0.0215656977355,0.1
92,4,0.0213576755755,0.1
93,5,0.0211894054285,0.1
93,5,0.0217183056884,0.1
93,5,0.0219826283671,0.1
93,5,0.0224750007654,0.1
93,5,0.0218142432725,0.1
93,5,0.0221918147796,0.1
93,5,0.0213577613275,0.1
93,5,0.0214255808191,0.1
93,5,0.0216058072576,0.1
93,5,0.0216179398333,0.1
93,5,0.0217793823268,0.1
93,5,0.0219521505706,0.1
93,5,0.0223723751209,0.1
93,5,0.0214255278908,0.1
93,5,0.0214832546398,0.1
93,5,0.0212168062393,0.1
93,5,0.0216449893547,0.1
93,5,0.0216245339257,0.1
93,5,0.0214779963178,0.1
93,5,0.0222812470655,0.1
93,5,0.0217978645829,0.1
93,5,0.0217794722839,0.1
93,5,0.0213346946645,0.1
94,4,0.0213328553676,0.1
94,4,0.0217938496862,0.1
94,4,0.021666676442,0.1
94,4,0.0215412232736,0.1
94,4,0.0219384470127,0.1
94,4,0.0217727654195,0.1
94,4,0.0219655659269,0.1
94,4,0.0216790308203,0.1
94,4,0.0212162673382,0.1
94,4,0.0214665784328,0.1
94,4,0.021326284864,0.1
94,4,0.0211732511916,0.1
94,4,0.0212232397955,0.1
94,4,0.0218445012286,0.1
94,4,0.0217205008225,0.1
94,4,0.0215235768955,0.1
94,4,0.0219532476183,0.1
94,4,0.0219108777816,0.1
94,4,0.0216048098871,0.1
94,4,0.0213415483273,0.1
94,4,0.0208185184004,0.1
94,4,0.0212116862691,0.1
94,4,0.0211376084155,0.1
95,4,0.0217742556898,0.1
95,4,0.0214986167508,0.1
95,4,0.0214086617546,0.1
95,4,0.0215059448303,0.1
95,4,0.0212739603596,0.1
95,4,0.0216655628029,0.1
95,4,0.0210693693678,0.1
95,4,0.0209353982957,0.1
95,4,0.0213590083944,0.1
95,4,0.0215426941297,0.1
95,4,0.0217976847957,0.1
95,4,0.0217256778068,0.1
95,4,0.0210721085704,0.1
95,4,0.0213064823427,0.1
95,4,0.0211691704787,0.1
95,4,0.0213134778949,0.1
95,4,0.0214916223564,0.1
95,4,0.0216626969033,0.1
95,4,0.0214776159712,0.1
95,4,0.0209695014885,0.1
95,4,0.0213778574221,0.1
95,4,0.0210478861909,0.1
95,4,0.0208594085845,0.1
96,5,0.020613009238,0.1
96,5,0.0212399384576,0.1
96,5,0.0213591054793,0.1
96,5,0.0208906623947,0.1
96,5,0.0211743345467,0.1
96,5,0.0209225393577,0.1
96,5,0.0212413231341,0.1
96,5,0.0214520222602,0.1
96,5,0.0216196978066,0.1
96,5,0.0216384324682,0.1
96,5,0.0215603659771,0.1
96,5,0.021369648841,0.1
96,5,0.0216669487647,0.1
96,5,0.0211221109448,0.1
96,5,0.0217289052772,0.1
96,5,0.0215866097383,0.1
96,5,0.0212546213192,0.1
96,5,0.0209442400784,0.1
96,5,0.0210129846382,0.1
96,5,0.0203764988617,0.1
96,5,0.0211653335464,0.1
96,5,0.0204269015938,0.1
97,5,0.0212143420798,0.1
97,5,0.0211821842849,0.1
97,5,0.0211156471983,0.1
97,5,0.0213162221161,0.1
97,5,0.0214972059678,0.1
97,5,0.0210401710129,0.1
97,5,0.0211235140046,0.1
97,5,0.0215527572288,0.1
97,5,0.0210004941065,0.1
97,5,0.0213156860708,0.1
97,5,0.0211111939016,0.1
97,5,0.0213063734384,0.1
97,5,0.020955558608,0.1
97,5,0.0212896837417,0.1
97,5,0.0216207502707,0.1
97,5,0.0213749568919,0.1
97,5,0.0213235322356,0.1
97,5,0.0213515606961,0.1
97,5,0.0213977790665,0.1
97,5,0.0207212249767,0.1
97,5,0.0214464526366,0.1
97,5,0.0213876359607,0.1
97,5,0.0203964136891,0.1
98,5,0.02117794524,0.1
98,5,0.0209122043803,0.1
98,5,0.0208870962116,0.1
98,5,0.0208165906509,0.1
98,5,0.021087160649,0.1
98,5,0.0209090685219,0.1
98,5,0.0211301100682,0.1
98,5,0.0209671287709,0.1
98,5,0.0214543884882,0.1
98,5,0.0214044074629,0.1
98,5,0.0210197255316,0.1
98,5,0.0212082171977,0.1
98,5,0.0214041788033,0.1
98,5,0.0208262050111,0.1
98,5,0.0214534522494,0.1
98,5,0.0205664970879,0.1
98,5,0.0203737668776,0.1
98,5,0.0205762702148,0.1
98,5,0.0209107576677,0.1
98,5,0.0205278690919,0.1
98,5,0.0210005707638,0.1
98,5,0.0205397181257,0.1
98,5,0.0209116071666,0.1
98,5,0.0202054747483,0.1
99,4,0.0210299118993,0.1
99,4,0.0209043989194,0.1
99,4,0.0208477806756,0.1
99,4,0.0208394809872,0.1
99,4,0.0207335959335,0.1
99,4,0.020574020332,0.1
99,4,0.0207663188151,0.1
99,4,0.0205794596124,0.1
99,4,0.021039479314,0.1
99,4,0.0216843214763,0.1
99,4,0.0204831336445,0.1
99,4,0.0210134320263,0.1
99,4,0.0214201275855,0.1
99,4,0.0205147186425,0.1
99,4,0.0210219612406,0.1
99,4,0.0210942492657,0.1
99,4,0.0215041741699,0.1
99,4,0.0211802794084,0.1
99,4,0.0212523105245,0.1
99,4,0.021542292321,0.1
99,4,0.0215126301884,0.1
99,4,0.0213474616697,0.1
99,4,0.021760203937,0.1
100,5,0.0213385872719,0.1
100,5,0.0214768826737,0.1
100,5,0.0211438644414,0.1
100,5,0.0212340990192,0.1
100,5,0.0219109102725,0.1
100,5,0.0214896672195,0.1
100,5,0.0206600872491,0.1
100,5,0.0211103327419,0.1
100,5,0.0209234485221,0.1
100,5,0.0210279057071,0.1
100,5,0.0211112041833,0.1
100,5,0.0214438301767,0.1
100,5,0.021497086444,0.1
100,5,0.0212077334732,0.1
100,5,0.0207777401369,0.1
100,5,0.0204256740373,0.1
100,5,0.0208032107131,0.1
100,5,0.0209701327868,0.1
100,5,0.0210806837182,0.1
100,5,0.0211127822561,0.1
100,5,0.021182171316,0.1
100,5,0.0212061932968,0.1
100,5,0.0210734383302,0.1
100,5,0.0217487177116,0.1
